{
    "0": {
        "start": null,
        "end": null,
        "tick_lower": -887272,
        "tick_upper": 887272,
        "price_lower": 2.938956807585585e-27,
        "price_upper": 3.402567866987637e+50
    }
}