{
    "0": {
        "start": null,
        "end": "2024-01-05T23:59:00",
        "tick_lower": 197014,
        "tick_upper": 201470,
        "price_lower": 1781.1747522556145,
        "price_upper": 2781.1119820788763
    }
}